<application>
  <component name="FileTypeManager" version="18">
    <extensionMap>
      <mapping pattern="Dockerfile.*" type="Dockerfile" />
      <mapping pattern="Dockerfile.testing" type="Dockerfile" />
      <mapping pattern=".dockerignore" type="GitIgnore file" />
      <mapping pattern=".modernizrrc" type="JavaScript" />
      <mapping ext="lando" type="Nginx Configuration" />
      <mapping pattern=".php_cs" type="PHP" />
      <mapping ext="neon" type="PLAIN_TEXT" />
      <mapping ext="log" type="PLAIN_TEXT" />
      <mapping pattern="docker-healthcheck" type="Shell Script" />
      <mapping pattern="*.yml.bak" type="YAML" />
      <mapping ext="example" type="YAML" />
      <removed_mapping ext="conf" approved="true" type="SmartyConfig" />
      <removed_mapping ext="ignore" approved="true" type="IgnoreLang file" />
      <removed_mapping ext="neon" approved="true" type="Neon" />
      <removed_mapping pattern=".dockerignore" approved="true" type="Docker File" />
      <mapping ext="dist" type="Neon" />
    </extensionMap>
  </component>
</application>