<application>
  <component name="NodeJsLocalInterpreterManager">
    <local-interpreter path="$USER_HOME$/.nvm/versions/node/v16.13.2/bin/node" />
    <local-interpreter path="$USER_HOME$/.nvm/versions/node/v14.18.3/bin/node" />
    <local-interpreter path="$USER_HOME$/.nvm/versions/node/v12.22.9/bin/node" />
  </component>
  <component name="NodeJsRemoteInterpreters">
    <interpreter node-remote-interpreter="docker://node:16//usr/local/bin/node" INTERPRETER_PATH="/usr/local/bin/node" HELPERS_PATH=".webstorm_nodejs_helpers" INITIALIZED="false" VALID="true" RUN_AS_ROOT_VIA_SUDO="false" VERSION="" OUTDATED_ID="" DOCKER_ACCOUNT_NAME="Docker" DOCKER_IMAGE_NAME="node:16" DOCKER_REMOTE_PROJECT_PATH="/opt/project" />
  </component>
</application>