<application>
  <component name="ProjectManager">
    <defaultProject>
      <component name="PhpProjectSharedConfiguration" php_language_level="7.4" />
      <component name="PhpWorkspaceProjectConfiguration" interpreter_name="PHP 7.4" />
      <component name="PropertiesComponent"><![CDATA[{
  "keyToString": {
    "settings.editor.selected.configurable": "editor.preferences.fonts.default"
  }
}]]></component>
      <component name="masterDetails">
        <states>
          <state key="ScopeChooserConfigurable.UI">
            <settings>
              <splitter-proportions>
                <option name="proportions">
                  <list>
                    <option value="0.2" />
                  </list>
                </option>
              </splitter-proportions>
            </settings>
          </state>
        </states>
      </component>
    </defaultProject>
  </component>
</application>