<keymap version="1" name="KDE Tommaso" parent="Default for KDE">
  <action id="ActivateFavoritesToolWindow" />
  <action id="CloseActiveTab">
    <keyboard-shortcut first-keystroke="shift ctrl w" />
  </action>
  <action id="CloseContent">
    <keyboard-shortcut first-keystroke="ctrl w" />
  </action>
  <action id="EditorSelectWord" />
  <action id="EditorUnSelectWord" />
  <action id="IntroduceVariable" />
  <action id="SelectInProjectView">
    <keyboard-shortcut first-keystroke="alt 2" />
  </action>
  <action id="SplitHorizontally">
    <keyboard-shortcut first-keystroke="shift alt h" />
  </action>
  <action id="SplitVertically">
    <keyboard-shortcut first-keystroke="shift alt v" />
  </action>
  <action id="copilot.cycleNextInlays">
    <keyboard-shortcut first-keystroke="shift altGraph plus" />
  </action>
  <action id="copilot.cyclePrevInlays">
    <keyboard-shortcut first-keystroke="shift altGraph open_bracket" />
  </action>
  <action id="copilot.openCopilot">
    <keyboard-shortcut first-keystroke="shift alt back_slash" />
  </action>
</keymap>