<profile version="1.0">
  <option name="myName" value="Laravel" />
  <inspection_tool class="CheckEmptyScriptTag" enabled="false" level="WARNING" enabled_by_default="false" />
  <inspection_tool class="CssInvalidAtRule" enabled="false" level="ERROR" enabled_by_default="false" />
  <inspection_tool class="CssMissingSemicolon" enabled="true" level="WARNING" enabled_by_default="true" />
  <inspection_tool class="JSNonStrictModeUsed" enabled="true" level="WARNING" enabled_by_default="true" />
  <inspection_tool class="JsonSchemaCompliance" enabled="false" level="WARNING" enabled_by_default="false" />
  <inspection_tool class="PhpDynamicAsStaticMethodCallInspection" enabled="false" level="WARNING" enabled_by_default="false" />
  <inspection_tool class="PhpUndefinedClassInspection" enabled="false" level="WARNING" enabled_by_default="false" />
  <inspection_tool class="PhpUndefinedFieldInspection" enabled="false" level="WARNING" enabled_by_default="false" />
  <inspection_tool class="PhpUndefinedMethodInspection" enabled="false" level="WARNING" enabled_by_default="false" />
  <inspection_tool class="PhpUnhandledExceptionInspection" enabled="false" level="WARNING" enabled_by_default="false" />
  <inspection_tool class="PhpUnnecessaryFullyQualifiedNameInspection" enabled="true" level="WEAK WARNING" enabled_by_default="true" />
  <inspection_tool class="SpellCheckingInspection" enabled="false" level="TYPO" enabled_by_default="false">
    <option name="processCode" value="true" />
    <option name="processLiterals" value="true" />
    <option name="processComments" value="true" />
  </inspection_tool>
  <inspection_tool class="XmlUnboundNsPrefix" enabled="false" level="WARNING" enabled_by_default="false" />
  <inspection_tool class="YAMLSchemaValidation" enabled="false" level="WARNING" enabled_by_default="false" />
</profile>